StudentID,Attentive,Interested,Alert,Excited,Enthusiastic,Inspired,Proud,Determined,Strong,Active,Distressed,Upset,Hostile,Irritable,Scared,Afraid,Ashamed,Guilty,Nervous,Jittery
4122241,3,4,3,3,3,3,3,2,3,3,4,1,1,1,1,3,4,3,4,3
4561888,5,4,1,3,4,3,3,4,3,4,1,1,1,4,1,1,1,1,1,1
4359280,3,4,3,3,4,3,3,4,3,4,3,1,1,1,2,2,2,1,5,4
4553329,2,2,2,1,2,2,1,2,1,1,1,2,1,1,1,2,1,1,3,1
4534324,3,3,3,3,4,2,3,3,2,3,3,4,2,3,3,4,4,1,4,3
4386448,3,3,2,2,3,3,3,2,3,3,2,1,1,2,2,2,1,1,2,2
4063549,4,3,2,3,4,3,4,4,3,4,2,2,1,2,2,3,1,1,4,3
4249444,3,3,3,2,3,3,3,3,2,3,4,1,1,1,1,2,1,1,4,4
4008406,5,4,3,5,4,4,4,4,4,5,2,1,1,3,2,2,2,2,3,2
4493416,3,4,1,3,4,3,3,5,3,4,2,2,1,2,3,4,4,1,5,2
4343473,4,4,2,3,4,3,5,4,2,3,2,2,1,2,1,2,2,2,3,1
3903460,4,3,3,4,5,2,1,4,2,4,1,2,1,1,1,1,2,1,2,4
4534405,4,5,4,5,4,4,4,2,4,3,1,1,4,4,1,1,1,3,2,2
4308049,5,4,3,3,4,3,4,3,2,3,3,1,4,3,2,1,1,1,3,3
4538170,4,4,5,4,5,4,4,4,4,4,1,1,1,2,1,1,1,1,3,2
4310548,5,3,3,5,5,4,5,4,3,4,4,2,3,1,1,1,1,3,3,3
4275730,4,5,4,3,3,2,5,4,1,4,5,4,3,4,5,5,5,5,4,3
4222156,4,5,1,4,4,5,4,4,3,2,3,2,3,2,1,2,2,1,3,4
4225096,4,4,3,3,4,3,5,4,2,2,1,3,1,1,1,3,1,1,4,1
4486630,3,5,3,5,5,1,4,3,3,2,3,1,3,2,4,2,1,1,2,4
4532662,2,4,2,2,2,3,3,2,2,2,2,1,1,1,1,1,1,1,3,3
4532485,4,5,4,5,4,4,4,5,5,4,1,1,1,2,3,4,3,1,3,1
4433056,4,3,3,3,3,2,2,3,2,3,4,4,1,2,3,4,1,1,4,4
4064017,4,4,2,3,3,2,3,3,2,2,2,1,1,3,1,1,2,2,1,3
4092223,4,4,3,4,4,4,4,5,4,4,2,2,4,3,3,3,2,2,3,4
4501108,3,3,3,2,4,2,1,3,3,3,1,1,1,1,2,1,1,1,2,3
3706477,3,3,1,2,3,3,3,3,3,4,2,2,1,1,1,1,2,1,3,1
4192729,1,4,4,4,3,5,3,4,3,5,2,3,2,4,2,1,1,1,1,4
4550722,4,4,4,4,4,4,4,3,4,4,2,2,1,1,1,1,1,1,2,2
4407406,5,5,5,4,3,5,4,5,5,5,5,1,1,2,4,1,1,1,2,2
4374505,5,5,3,4,4,4,3,4,4,4,3,2,1,2,1,2,2,2,2,1
4525648,3,4,3,4,4,2,4,3,4,4,2,2,2,2,2,2,2,3,4,3
3759325,3,4,3,4,5,3,4,5,3,4,3,1,1,1,1,2,1,2,2,2
4444021,3,4,4,3,3,3,1,4,1,3,5,5,1,2,5,5,5,3,5,5
3959098,4,3,3,4,5,4,4,3,2,4,3,3,1,2,1,1,1,1,3,4
2964652,4,4,3,3,3,4,2,2,2,3,4,3,1,2,1,1,2,2,3,1
3921430,2,4,1,5,4,5,2,3,2,2,2,3,2,2,2,1,2,1,1,1
3851788,2,4,2,2,2,3,2,4,3,2,3,3,1,3,1,1,1,1,3,2
3851941,4,2,4,2,4,1,1,4,1,4,1,2,1,1,1,1,1,1,1,1
3690172,4,5,4,5,5,5,5,5,4,5,1,2,1,1,1,1,2,1,3,1
4270732,2,3,2,3,2,2,3,4,4,4,1,1,1,2,1,1,1,1,2,1
3720583,4,4,4,2,2,3,4,4,3,2,1,2,2,2,2,1,1,1,2,2
4491661,1,2,1,1,1,2,3,3,1,1,2,3,2,4,3,1,3,1,4,2
3760408,2,4,2,3,4,3,3,2,4,2,3,3,1,2,2,4,3,4,4,3
3804979,3,5,4,4,4,4,3,4,3,2,3,4,1,1,2,2,3,1,2,1
4054972,3,4,3,4,4,3,3,4,3,4,4,3,1,2,2,2,1,2,4,2
4269163,3,4,3,3,4,4,4,3,2,4,2,2,1,2,4,4,3,1,5,2
4538833,4,3,3,1,3,1,2,2,1,3,3,1,1,1,4,3,2,3,3,2
4106458,4,1,3,1,1,4,1,1,5,1,1,2,1,3,2,1,1,5,2,1
4448578,3,4,2,3,3,4,3,2,2,3,3,2,2,2,3,3,4,2,4,4
3005812,3,3,2,2,3,3,1,3,3,4,3,1,1,1,1,1,1,1,1,2
4504120,4,4,3,4,4,4,3,4,3,4,1,1,2,3,2,2,1,1,2,2
4029394,3,4,3,5,4,4,4,4,3,4,2,1,2,3,1,2,1,4,2,1
4192972,3,3,3,2,2,2,2,2,3,4,5,5,2,4,4,4,3,5,5,4
2997697,3,3,3,1,2,1,1,4,1,2,2,2,1,3,1,1,2,1,1,1
4198075,2,3,2,4,4,3,5,3,1,2,2,5,2,5,4,2,4,3,3,4
3077662,3,2,2,2,2,2,2,2,3,2,2,3,3,3,2,1,2,2,2,2
NA,2,2,2,3,3,2,3,3,2,4,4,3,4,2,2,1,2,2,2,4
3027478,4,5,5,5,5,5,5,5,5,5,2,1,4,2,1,1,2,1,2,3
2990992,3,4,3,2,2,4,3,4,4,3,2,2,1,2,2,2,1,1,2,2
4499335,3,4,4,4,4,4,4,4,3,3,2,1,1,3,2,2,2,1,4,1
4389808,3,4,2,4,3,4,3,4,4,4,1,3,1,1,2,2,4,1,2,2
3709204,4,4,3,4,4,4,5,5,4,4,3,3,1,3,3,4,1,2,3,1
4312558,5,4,5,3,4,4,4,2,4,3,2,2,1,4,4,4,4,2,4,2
4256821,2,4,4,3,5,3,3,5,4,4,4,2,1,4,4,3,1,1,4,4
4388203,3,3,3,3,2,3,2,3,3,3,1,2,1,2,1,1,1,2,4,2
4501003,2,2,3,3,3,2,2,2,2,3,2,2,1,1,3,3,1,1,2,3
4434823,2,4,2,2,3,1,2,4,2,2,1,1,1,1,2,2,1,1,3,2
4553305,4,4,1,2,4,3,5,5,3,4,2,2,1,2,2,2,1,1,4,2
3752608,3,4,2,4,4,3,3,4,3,3,1,1,1,1,3,3,2,1,4,2
4516252,3,3,2,4,3,3,2,2,2,2,4,3,1,2,3,4,2,1,1,3
4386691,2,3,1,3,4,1,2,2,1,3,2,2,1,1,2,2,1,1,3,1
4458412,4,4,3,3,2,3,3,3,2,3,1,1,1,2,1,1,3,1,4,1
3712582,3,4,2,4,4,4,4,4,2,4,2,1,1,1,1,1,2,2,4,3
4088755,4,4,4,3,3,3,3,4,4,4,3,1,1,1,1,1,1,1,2,2
3716734,4,4,3,3,3,3,2,5,3,4,2,2,1,4,2,3,1,1,1,3
4315570,4,5,5,5,4,5,5,5,5,4,1,1,1,1,1,1,1,1,2,1
4353685,4,4,4,3,3,3,2,3,2,4,2,1,2,1,3,2,2,1,4,4
4313398,5,5,4,5,5,5,5,4,2,3,3,3,1,4,2,1,3,1,2,4
4357708,4,4,4,4,4,3,4,3,4,4,2,2,1,1,1,1,1,1,2,1
4445314,4,5,4,3,4,4,2,4,3,3,4,4,1,1,1,1,4,2,4,5
4502353,3,4,3,5,3,2,4,4,2,4,3,1,2,2,2,3,2,1,4,3
4390237,2,4,4,4,4,3,3,5,3,4,1,1,1,1,2,1,2,1,2,2
3670873,3,3,2,3,3,3,3,2,3,4,2,2,1,1,1,1,1,1,2,3
4130830,3,4,3,3,3,3,4,4,3,2,3,2,3,3,3,2,4,4,1,3
3723322,4,4,3,3,4,4,4,4,4,4,1,1,1,1,1,2,2,2,2,2
4250326,3,4,3,4,4,2,3,4,3,3,2,2,1,2,4,3,2,1,4,3
3042859,4,1,4,2,1,1,2,3,3,2,4,3,1,2,3,3,3,1,2,4
4359280,4,4,4,3,3,3,2,4,3,4,2,3,1,1,3,3,4,1,5,5
4494115,3,3,4,4,5,4,4,3,5,3,1,1,1,1,1,1,1,1,1,1
4329676,4,3,2,2,2,2,4,3,3,2,2,1,1,2,1,1,1,1,1,1
2994037,5,3,5,4,4,3,3,1,4,3,2,3,3,3,1,3,1,1,3,3
4250350,3,4,4,4,4,4,4,4,3,5,3,1,1,2,1,2,1,1,2,3
2964868,4,4,5,4,3,4,4,5,4,4,1,1,1,1,1,1,1,1,2,2
4491313,3,5,4,4,4,4,3,4,4,3,4,3,1,1,1,1,1,4,1,2
3028759,3,4,3,2,1,4,2,4,2,3,3,1,1,1,3,4,2,4,4,2
4310419,4,4,5,4,4,4,3,4,4,4,1,1,1,1,1,2,1,1,2,2
4302994,3,4,3,2,2,3,3,4,3,1,1,1,1,2,1,1,1,2,2,3
4017751,4,3,4,3,3,3,2,3,3,3,5,3,1,3,4,1,1,1,5,3
4386448,4,4,2,4,3,3,4,5,4,5,1,1,2,4,4,2,2,2,4,2
4157560,4,5,4,5,5,5,5,4,4,5,1,1,1,3,1,1,1,1,1,3
4192624,3,3,3,3,4,2,4,3,3,3,4,1,1,1,1,1,1,1,1,1
2997859,4,3,4,3,3,2,1,3,1,3,2,3,1,1,1,2,3,1,1,1
4512697,3,4,3,5,5,3,4,1,4,5,3,3,4,3,3,4,4,2,4,3
3753955,2,4,2,4,2,4,3,4,1,3,1,1,1,1,1,1,2,1,1,3
4550722,4,4,4,3,4,4,4,3,3,3,1,1,1,1,1,1,1,1,1,1
4518019,4,4,1,4,3,3,1,3,1,3,2,1,1,2,1,1,2,2,4,2
4454749,3,4,3,4,3,3,3,4,3,4,2,2,1,4,2,3,1,1,4,3
4371970,2,3,2,2,2,2,1,3,2,3,3,2,1,2,2,2,1,1,2,1
4387111,2,3,3,3,3,2,2,3,4,4,4,1,1,1,4,2,2,3,4,2
4494940,3,4,3,4,4,4,3,3,3,4,2,2,2,3,2,1,1,1,2,1
4475971,4,5,2,4,3,4,4,4,2,3,2,1,1,1,1,2,1,1,2,2
4357441,3,4,3,2,3,3,4,2,3,4,4,4,1,1,1,4,3,1,4,2
4410667,4,4,4,4,4,4,3,4,4,4,1,1,2,1,1,2,1,3,2,2
3697519,5,2,2,1,1,2,1,4,2,3,3,2,1,1,1,5,1,3,1,4
4489990,4,4,4,5,4,4,4,4,4,4,2,1,1,3,1,1,2,1,4,3
4460410,3,4,3,4,4,4,2,2,2,3,3,4,2,3,1,2,2,1,3,2
4537174,4,4,2,3,4,4,4,4,3,4,1,1,1,1,1,1,2,1,2,2
2843548,3,4,2,4,5,4,4,4,3,4,2,1,1,1,1,1,1,1,1,2
4522528,4,4,3,5,4,3,4,4,3,2,3,2,3,2,2,1,1,2,3,2
3684448,2,3,2,3,3,4,3,3,3,3,2,1,1,1,1,1,1,1,1,3
4062529,2,4,4,3,2,2,2,5,3,2,2,2,1,2,1,2,1,1,3,3
4367020,3,3,3,3,3,1,4,3,1,1,1,2,1,1,1,1,1,1,2,3
3061006,3,4,2,3,3,4,4,4,3,3,3,2,1,2,1,1,1,1,2,2
3675505,3,2,4,1,2,2,2,3,2,2,3,4,2,4,2,3,3,2,2,4
3985084,3,4,3,5,4,4,3,4,5,4,1,1,3,2,1,1,1,1,2,1
4320307,4,5,3,4,5,4,5,4,4,4,3,1,1,3,3,2,1,2,3,1
3790174,3,3,1,4,4,4,2,4,3,3,3,2,2,2,2,2,2,4,2,2
4255834,4,4,2,4,4,5,4,4,3,3,1,1,1,1,1,1,1,1,1,1
2455336,4,5,5,4,5,4,4,5,4,4,2,1,1,2,3,1,1,2,3,4
4534162,4,3,4,3,3,4,5,4,4,2,3,4,1,1,1,2,1,1,5,3
4518463,3,4,3,4,4,4,3,3,3,4,3,1,1,3,2,2,3,1,2,3
4049239,4,3,4,2,3,2,2,3,2,4,1,1,1,2,1,1,1,1,2,1
4433194,5,5,4,5,5,4,4,5,5,5,2,2,2,3,1,1,3,1,3,1
4441024,3,5,4,5,5,5,5,5,3,5,4,3,1,3,4,4,2,3,5,4
4098322,3,4,2,4,3,2,1,4,3,4,1,1,1,1,1,1,1,1,1,1
3702835,3,3,3,2,3,1,4,3,3,3,3,4,3,3,4,4,3,3,4,3
3972484,3,3,3,2,2,3,1,4,3,3,3,3,2,2,1,2,2,1,3,2
3731629,4,4,2,5,4,4,3,4,3,4,3,2,1,1,1,3,4,2,4,4
4250521,3,4,3,3,4,3,3,4,4,2,2,1,1,2,2,3,1,1,2,3
4405906,3,4,3,3,3,1,2,3,2,3,1,1,1,1,1,1,1,1,2,1
4091500,4,4,4,3,4,4,4,4,4,4,2,2,1,3,2,2,2,1,3,3
2889514,3,4,3,4,4,4,3,3,4,4,1,1,1,1,1,1,1,4,2,1
4434580,3,4,4,2,3,2,3,4,1,4,1,1,1,4,2,1,1,2,3,2
4250569,2,4,4,2,1,4,4,4,1,1,1,1,1,1,2,1,4,3,2,1
3742918,4,4,3,3,3,4,1,3,3,4,1,1,1,1,1,2,2,1,1,2
3027889,4,4,4,4,3,3,1,4,1,4,2,1,1,2,1,1,1,2,4,3
4372585,4,4,4,4,4,3,4,3,4,2,2,2,1,3,2,3,2,2,4,3
4140799,4,2,2,2,2,4,2,3,4,4,3,2,1,1,1,1,1,1,1,4
4528495,3,3,4,2,3,2,2,2,3,2,3,2,1,1,1,1,2,1,3,1
3808654,3,4,2,2,4,3,3,4,2,3,3,1,1,1,1,2,2,2,1,3
3071056,4,4,3,3,3,2,3,3,4,4,1,1,1,1,1,1,1,1,3,1
4439041,4,4,3,3,4,3,2,3,2,2,4,3,1,2,1,1,2,2,3,1
4522204,4,4,4,3,3,3,3,3,3,3,4,2,1,1,2,2,1,1,3,3
4473610,4,4,3,4,4,3,4,4,4,4,1,2,1,3,3,1,2,2,4,3
4507546,4,4,2,3,3,4,3,3,3,3,1,1,1,2,1,1,1,1,3,1
4492372,3,3,4,3,4,3,2,2,2,3,3,3,1,2,2,2,1,1,4,3
3905830,2,4,2,2,2,2,1,2,1,2,3,3,1,2,1,1,1,1,3,3
3025627,3,4,4,3,3,2,1,4,3,4,2,2,1,1,1,1,1,2,1,1
4386253,5,5,4,4,3,4,3,3,4,5,4,2,1,1,1,1,2,1,2,2
4193020,4,4,3,5,5,2,4,3,4,4,1,2,1,1,1,1,1,1,2,2
4418641,4,4,3,3,2,3,4,3,3,3,2,2,1,4,1,1,2,2,2,1
4283713,3,4,3,2,2,2,2,4,4,3,2,1,3,2,2,1,1,1,1,2
4377340,3,2,1,2,2,1,3,3,3,3,1,1,1,1,2,2,2,1,2,1
4074175,4,4,3,3,4,4,4,4,4,3,4,3,4,4,2,4,2,1,4,4
4249444,2,4,2,1,2,2,4,2,2,1,1,1,1,1,1,1,3,1,4,4
4522357,4,5,4,3,4,3,4,5,3,5,1,1,2,1,1,1,1,2,3,1
4130758,3,3,3,2,2,2,4,3,3,2,4,4,1,1,3,2,2,1,3,2
3033202,3,4,2,4,4,2,4,3,2,3,1,1,1,2,1,1,1,1,1,1
3783826,2,4,2,4,2,3,2,3,2,3,2,2,2,3,2,2,2,3,3,3
3922384,3,4,2,4,2,3,3,4,2,3,1,1,1,1,3,1,1,1,2,3
4236772,3,5,4,2,3,3,3,2,2,2,4,1,1,3,2,3,2,4,4,3
2724754,4,5,5,4,5,4,4,4,3,5,2,1,1,1,1,1,2,1,4,4
4250545,3,4,2,3,4,4,3,4,4,3,2,3,2,1,2,3,1,1,4,2
4398385,3,4,3,5,3,3,4,4,2,4,1,3,1,2,1,1,1,1,3,1
4525402,2,2,3,4,4,3,2,4,2,3,3,4,2,3,4,4,4,1,4,3
4006768,3,4,3,3,3,4,4,5,3,3,2,1,1,2,1,1,1,1,1,1
4046953,4,4,4,3,3,4,3,3,4,3,2,1,1,2,1,1,2,1,3,3
4100068,4,4,4,3,2,2,3,4,4,3,4,4,2,1,2,2,4,1,2,2
4433194,5,5,3,4,5,4,4,5,5,4,2,1,1,2,1,1,2,1,3,1
4312558,2,4,4,4,4,3,3,2,3,4,4,2,4,2,1,2,2,3,3,1
4130830,3,3,4,2,4,3,3,3,4,4,1,1,1,4,1,1,1,2,3,1
4088755,3,3,4,3,3,3,3,4,4,3,2,3,1,3,2,2,2,2,4,2
3892222,2,2,2,2,1,2,2,1,3,1,1,4,2,4,1,2,1,1,1,1
4127842,4,5,2,4,5,2,4,4,2,4,1,1,1,1,1,1,1,2,1,3
4059994,2,4,4,3,2,3,2,3,3,3,1,4,1,2,1,1,2,1,4,2
4142506,4,3,2,4,4,3,3,4,3,3,2,1,1,1,1,1,2,1,1,2
4184242,4,4,4,3,4,4,4,2,3,3,2,5,1,3,4,4,2,2,5,4
4142950,4,4,4,4,4,4,4,4,4,4,2,2,2,3,1,2,2,2,3,3
3906238,3,4,3,3,3,3,3,4,3,4,1,2,1,2,2,1,1,1,3,1
2312749,2,2,2,5,3,3,5,1,3,4,3,1,2,4,4,2,3,5,1,3
4025374,3,3,3,3,3,3,2,3,3,3,3,2,2,3,2,2,4,4,2,4
4064722,4,4,4,5,4,4,4,4,3,3,3,1,2,4,2,2,2,1,5,3
4152865,3,4,3,4,3,2,2,2,4,3,1,2,1,2,1,1,2,1,2,1
2390812,3,3,4,3,3,3,3,2,3,3,1,1,1,1,1,1,1,1,1,1
4060900,3,4,4,3,4,3,2,3,3,4,3,4,4,2,4,4,2,3,4,3
2678251,3,3,2,3,3,2,3,2,3,4,2,1,1,2,1,1,2,2,1,3
4142239,2,3,3,3,4,1,1,2,3,4,1,2,1,2,1,1,2,1,3,1
2327605,3,4,5,5,5,4,5,5,4,5,1,4,3,4,4,2,4,4,3,3
2704030,4,5,4,5,5,5,1,5,4,5,1,1,1,2,1,1,1,1,1,1
3726898,3,2,3,3,3,3,2,3,2,2,1,1,1,1,2,2,2,2,3,4
4177189,4,3,3,3,3,3,3,2,3,3,1,3,1,3,1,4,2,1,4,3
4098790,4,4,3,3,3,3,2,2,2,2,3,2,1,2,1,2,2,3,3,1
4139584,4,5,2,4,4,4,4,4,4,3,1,2,1,2,1,1,3,2,5,4
2868433,5,5,4,4,5,4,3,4,3,4,2,1,1,2,1,1,2,2,1,2
3695116,3,4,4,3,5,2,3,4,3,2,1,2,1,2,2,3,1,1,4,2
4166047,3,4,3,3,4,3,3,3,3,3,1,1,1,2,1,1,1,1,1,2
2549614,3,4,4,5,4,4,3,5,4,4,2,2,2,2,4,4,1,1,3,4
2857540,5,5,4,4,4,4,3,3,3,5,1,2,1,2,1,1,1,1,1,1
3702013,4,4,4,4,4,3,4,3,4,5,4,2,3,2,1,1,2,1,2,2
4158373,2,2,2,1,2,2,2,2,2,5,4,2,2,3,1,3,2,2,2,2
4177084,4,4,3,3,3,1,2,4,3,2,2,4,1,2,1,4,2,1,3,3
4147738,2,3,2,3,4,2,4,3,4,3,4,1,4,1,1,1,1,1,2,1
3949204,1,5,3,5,5,1,3,1,3,5,1,1,1,1,1,1,1,1,5,1
3776101,3,2,2,2,2,4,3,4,4,2,4,4,2,4,4,4,1,1,2,4
3846211,2,3,2,3,3,4,3,4,3,2,1,1,1,3,1,1,2,2,2,2
4066885,5,5,1,5,5,5,4,2,3,4,4,3,2,5,3,3,4,4,5,5
2849593,4,5,4,4,5,4,4,4,3,4,4,1,1,2,2,3,1,1,2,1
4184242,4,4,4,2,3,1,3,3,2,4,3,5,1,2,4,4,2,3,4,4
3696493,2,3,2,2,2,3,2,3,2,2,3,4,2,5,4,4,2,2,4,3
2692615,1,4,2,5,4,1,1,2,1,3,1,1,1,2,1,1,1,1,1,2
3068389,4,5,3,4,3,4,4,5,5,3,2,2,1,2,3,3,4,2,1,2
4144564,4,5,3,5,4,1,4,4,4,5,1,1,1,2,1,1,1,1,2,1
2889157,4,4,3,3,3,3,3,4,3,2,4,4,1,4,1,3,1,2,1,2
4190032,3,4,3,4,4,3,3,3,3,3,4,4,2,5,4,3,1,2,4,3
4077802,3,4,4,3,3,2,2,4,3,3,3,3,2,2,2,2,1,1,3,4
4124368,3,2,2,3,2,3,3,4,2,1,4,1,3,4,4,3,1,3,5,4
4017220,3,2,4,4,2,2,1,3,2,3,4,4,1,3,3,4,1,1,4,4
3911062,3,2,3,4,4,3,3,3,3,4,2,1,4,1,1,1,4,1,1,1
3977503,2,3,1,3,3,2,3,4,1,4,3,2,1,2,1,1,3,1,3,2
3025501,3,4,2,3,4,4,3,4,4,5,1,1,1,2,1,1,1,2,1,1
3024073,3,4,2,3,3,3,4,3,3,3,2,1,1,2,1,3,1,1,3,2
3907921,5,5,4,5,4,4,4,4,4,5,2,1,1,1,2,1,2,1,4,4
3716566,2,5,2,5,5,5,4,4,4,2,4,4,4,5,4,5,3,4,4,3
4041016,5,4,4,4,4,2,3,4,2,4,1,1,1,1,1,1,1,1,2,3
4153351,4,4,3,2,2,2,4,4,3,2,3,2,1,2,2,2,1,1,3,2
3713473,4,3,2,2,3,4,2,5,3,3,1,4,1,3,1,1,1,1,4,2
4089907,4,4,2,3,4,4,4,4,3,3,3,1,2,4,2,3,1,4,4,2
4090432,2,2,2,1,1,1,1,1,1,1,3,4,1,1,2,3,1,1,2,2
3986209,4,4,3,4,4,4,4,5,3,4,1,1,1,2,2,2,1,1,2,2
3994531,3,3,4,4,4,5,4,3,4,4,2,2,1,1,1,1,2,1,4,1
4074199,3,4,3,4,4,4,2,3,4,3,3,1,1,1,1,1,2,1,4,1
4112617,2,2,2,2,2,1,2,3,2,2,4,2,1,1,2,2,1,1,4,1
3998329,2,1,3,2,1,2,2,2,1,2,4,4,1,4,4,4,2,2,5,5
4176235,2,3,2,1,2,1,1,3,1,2,3,2,1,2,1,1,1,1,2,1
4004767,2,3,1,2,3,1,3,1,1,2,2,3,1,2,4,3,1,1,1,1
3987418,4,3,4,4,3,3,3,4,3,3,3,1,1,4,1,1,1,1,3,1
3915397,2,3,3,4,4,2,3,4,2,3,4,4,1,3,3,3,2,2,4,4
405091,1,4,1,2,2,1,3,2,1,1,4,2,4,5,1,3,1,2,3,4
4113964,4,4,4,4,4,4,4,4,3,4,2,3,2,2,3,3,2,2,3,2
3915502,3,4,4,4,4,4,4,3,4,3,1,1,1,2,1,1,1,1,3,3
3061060,4,4,4,4,4,4,4,4,4,4,2,1,1,1,3,4,1,3,2,2
4004161,4,4,4,2,3,3,2,4,4,3,2,2,1,1,3,4,2,1,5,4
4108054,4,4,3,3,2,3,4,4,4,3,3,2,2,3,2,3,3,1,3,2
4151284,3,3,2,4,3,3,4,4,2,4,4,3,2,3,4,4,2,3,5,4
4189879,3,3,2,3,4,2,3,4,3,4,1,1,1,2,3,2,1,2,3,2
4028461,3,3,4,3,3,2,4,4,4,4,2,1,2,1,2,1,1,1,4,1
3917161,4,4,3,4,3,2,4,3,2,4,1,4,1,4,1,3,3,4,3,3
3079246,2,3,4,2,2,2,2,3,2,2,3,2,1,3,4,3,1,2,3,3
3691114,3,4,2,3,3,4,1,4,2,4,5,1,1,4,3,4,3,2,4,4
3752107,3,4,4,2,2,3,2,3,2,3,2,1,1,3,1,2,2,1,3,1
4074223,3,2,2,2,3,3,3,2,3,2,2,1,1,1,1,1,2,1,2,2
3722968,4,5,4,4,3,4,2,4,2,3,2,3,1,4,2,3,2,1,2,3
4056052,4,4,3,4,4,4,3,3,3,4,4,2,2,2,3,2,3,2,4,2
3035356,3,4,3,4,5,3,3,4,3,3,2,1,1,2,1,1,2,1,2,1
4060876,4,5,4,4,4,5,4,4,4,5,1,2,1,1,2,2,1,1,2,2
4134226,3,4,1,3,2,2,2,4,2,2,1,1,1,3,1,1,1,1,1,1
3678589,3,4,2,4,3,3,4,4,3,4,3,3,3,3,3,3,3,3,4,3
4164091,4,4,4,3,4,4,4,5,5,4,5,1,1,2,1,1,1,1,1,1
3854800,4,3,3,2,2,3,2,3,1,3,1,2,3,4,1,1,1,1,1,1
3753736,4,4,3,2,2,1,3,4,3,4,1,1,1,1,1,1,1,1,2,1
4112545,4,4,4,4,4,4,2,4,3,4,2,1,1,2,1,1,2,1,3,2
4130830,3,3,4,3,2,2,2,4,3,3,1,1,1,1,1,1,1,1,3,1
4007029,3,4,4,4,4,3,4,4,2,4,3,4,1,4,4,4,4,3,4,2
4007050,3,4,2,3,4,3,2,3,3,3,2,1,1,1,1,1,2,1,1,2
4031740,3,4,3,2,2,3,3,3,3,3,2,1,1,1,1,1,1,1,2,1
4007278,3,3,2,4,3,2,5,4,5,2,3,1,4,4,1,1,1,2,2,3
4044505,3,3,2,2,3,3,2,3,2,3,2,2,2,3,1,1,1,1,2,2
3955762,3,4,4,3,4,4,4,4,4,4,1,1,1,2,1,1,1,1,4,3
4011475,4,4,2,2,3,3,2,4,3,3,2,2,1,1,1,1,3,1,3,1
4056277,4,3,4,3,4,3,3,4,3,4,1,1,2,3,1,1,1,2,2,2
3809512,4,3,3,3,3,4,3,3,2,2,1,1,1,2,2,2,1,1,2,1
4092709,3,3,3,3,3,2,3,4,3,3,3,1,2,3,2,2,1,1,3,1
3040837,3,4,2,2,2,3,3,1,2,2,2,1,1,3,1,2,3,3,4,3
4073524,4,5,4,3,4,3,4,4,4,4,3,3,3,3,2,3,2,2,4,2
2695210,4,4,4,3,3,4,3,4,3,5,1,1,2,2,1,1,1,1,4,2
3936094,3,4,3,4,4,4,3,4,3,3,1,2,1,2,1,1,1,1,1,1
4048108,5,4,2,4,5,2,5,2,2,3,4,2,4,3,1,4,1,1,4,2
3697891,4,4,4,3,2,2,1,4,4,2,1,1,1,1,1,1,1,1,1,1
3731788,3,2,3,4,4,2,3,4,3,4,1,1,1,1,1,1,1,1,1,3
4128856,4,3,3,3,3,1,2,3,1,3,1,2,1,2,1,1,2,1,3,3
3914908,4,4,4,3,2,3,4,4,3,4,2,1,1,1,1,2,1,1,3,1
3056233,3,4,3,3,4,4,4,4,4,4,2,2,1,3,2,2,1,2,3,3
3864868,4,5,2,4,5,2,4,4,1,2,4,2,1,3,1,1,3,3,4,2
4109131,5,3,3,3,2,2,2,4,2,4,3,2,2,3,1,1,1,1,1,3
4079824,3,3,2,2,4,2,3,4,2,2,2,3,1,3,2,3,1,1,5,3
2511475,3,4,3,4,4,3,4,4,4,3,2,1,2,1,1,1,1,2,1,1
3784336,4,5,3,4,5,4,5,4,5,5,3,1,1,2,1,1,1,1,4,1
3937534,4,3,4,3,3,2,4,3,1,2,2,2,2,1,1,1,1,1,2,1
2337025,2,2,2,2,1,2,2,1,2,4,4,4,4,4,1,2,4,1,2,3
3998329,3,2,3,2,2,3,1,2,1,2,5,5,1,3,4,5,2,2,4,4
3069616,4,5,3,4,4,4,1,4,1,4,4,3,1,1,3,3,1,1,5,1
2973838,4,5,3,2,4,1,4,5,5,2,4,1,3,3,1,3,1,4,2,3
2591959,4,4,4,4,4,5,4,4,4,5,2,1,1,1,1,1,3,3,3,2
4157221,4,5,3,5,5,4,2,5,3,4,1,1,1,1,1,1,1,1,1,1
4138315,3,2,1,3,2,1,4,3,4,2,5,4,2,3,1,2,3,1,3,4
3757897,2,4,3,4,5,5,5,4,3,3,1,1,2,2,1,1,1,1,1,4
2996827,3,5,3,4,3,3,3,4,3,3,1,1,1,2,1,1,1,1,1,5
4034518,2,3,2,3,2,3,1,3,2,2,1,1,1,1,1,1,1,1,3,2
4136734,2,3,3,3,3,1,1,1,1,3,1,3,1,1,1,1,1,1,2,2
3998329,3,3,2,3,3,3,2,3,2,3,4,4,1,2,4,4,1,1,5,4
4060924,3,4,4,4,4,4,3,4,3,4,2,1,1,1,1,1,1,1,2,1
4102240,3,5,3,5,4,5,5,4,2,5,3,2,1,4,2,1,2,1,2,3
3841375,2,3,3,3,4,2,3,4,3,4,2,1,1,2,2,2,1,2,1,1
4150354,4,4,4,3,3,4,2,3,4,3,1,1,1,2,1,1,1,1,2,3
4098637,4,4,4,3,2,1,3,2,1,1,1,1,1,3,1,1,1,1,1,3
3011104,3,4,1,3,2,2,2,2,3,3,3,1,1,1,1,2,1,1,1,1
2685751,4,4,2,3,4,4,2,4,3,4,1,3,1,1,1,1,1,1,4,4
4159255,2,3,2,3,2,2,1,3,3,2,4,4,2,4,4,4,2,1,5,4
2894074,2,2,2,2,3,2,3,4,4,1,3,3,1,2,1,2,1,2,4,4
2420833,4,5,4,4,4,4,1,4,2,4,2,1,1,1,1,1,2,2,2,2
3970030,1,3,3,2,2,1,2,1,1,1,2,1,1,1,1,1,2,3,2,1
2725939,3,2,2,2,3,3,1,3,2,2,2,3,1,2,1,1,1,1,2,2
3839182,4,4,4,4,4,5,5,4,5,4,3,1,1,1,1,2,1,1,1,1
2875369,4,4,4,3,3,4,1,4,4,4,1,1,1,1,2,2,1,2,2,1
6051466,3,4,3,4,4,4,1,1,3,1,1,2,2,4,2,2,4,2,5,5
4063192,3,3,3,2,3,1,3,4,3,4,3,2,1,1,1,1,1,1,2,1
3667165,2,3,2,1,2,3,2,3,1,2,2,2,3,1,1,1,1,1,2,1
3990856,4,4,5,3,4,1,1,3,1,1,1,2,1,2,2,1,1,2,3,3
3964321,3,2,3,2,3,2,2,4,1,3,4,1,2,4,1,2,1,1,3,1
3947413,3,4,2,3,4,2,3,3,3,2,3,2,2,4,2,1,3,4,3,2
3981361,4,4,4,4,5,1,2,4,1,2,2,1,1,1,1,2,2,2,3,2
4164010,3,4,3,2,2,3,2,3,2,2,1,1,1,2,2,1,1,1,3,1
3784822,5,4,3,3,3,3,3,3,4,4,1,2,3,2,1,1,1,1,1,1
4184290,3,5,5,4,4,4,3,4,4,4,1,1,1,4,1,1,2,1,1,4
4190590,3,4,3,4,3,3,4,4,3,3,3,2,1,1,3,3,3,2,4,4
4006990,4,4,4,5,4,3,4,4,4,3,3,1,1,1,2,1,2,2,1,2
4135156,3,2,3,3,2,2,2,2,2,3,4,4,1,3,4,4,1,1,4,4
4080991,3,4,4,2,3,3,2,3,2,2,2,2,4,3,4,3,3,2,4,4
4122112,4,4,4,4,4,3,3,3,3,4,2,2,3,2,4,3,2,1,5,4
4163374,4,5,4,5,5,4,4,5,4,4,3,1,4,1,1,1,1,1,4,4
4151746,4,4,3,3,4,3,3,4,3,4,3,2,1,1,1,1,1,1,2,1
3797737,5,4,5,4,3,2,2,4,4,4,1,1,1,1,1,1,1,1,1,1
4001827,3,4,3,2,3,3,3,4,2,2,1,1,1,1,1,1,1,1,2,1
3027283,3,4,3,4,4,3,4,4,3,3,4,3,3,2,1,3,3,3,2,3
4066957,4,5,4,5,5,5,4,5,4,3,2,1,1,2,1,1,1,2,1,1
3059953,3,2,3,3,4,3,3,3,3,4,3,2,2,3,2,2,1,2,1,3
4128922,3,4,2,3,3,2,4,4,2,4,2,1,1,2,2,2,2,1,4,1
4129471,3,4,2,3,3,2,3,4,3,3,2,1,1,4,1,1,2,1,1,1
2980780,5,4,3,4,2,4,1,2,1,3,2,1,1,1,2,2,2,1,3,3
2867173,4,4,2,2,4,3,4,3,4,3,3,3,2,3,1,1,2,2,3,2
3783697,4,4,4,4,4,1,3,2,3,3,2,3,2,3,1,1,2,3,4,5
3938278,4,4,4,4,2,4,4,4,3,4,3,1,3,1,1,2,1,1,4,1
2830978,2,4,2,4,3,5,2,5,4,4,1,1,1,1,1,2,1,1,2,2
2582032,3,2,4,4,4,2,3,2,4,4,2,2,3,2,1,1,2,2,2,2
3901249,4,3,2,4,4,3,1,4,2,3,2,1,1,4,2,1,1,1,4,3
3895759,4,5,3,5,4,5,5,5,5,5,2,1,1,1,3,3,2,2,1,1
4113115,4,4,4,2,4,1,4,4,1,1,2,4,3,3,2,4,1,1,4,3
3722161,4,4,4,3,3,3,2,3,3,4,3,2,1,4,1,1,1,1,2,2
3689389,2,4,2,3,3,3,3,2,3,2,2,1,1,1,1,1,1,1,1,1
4099696,4,4,5,4,5,3,2,4,3,4,3,1,1,2,3,3,1,3,3,5
4125181,3,4,4,3,2,1,3,4,4,4,5,3,1,4,1,1,2,2,3,5
4128679,3,4,4,4,4,3,2,3,3,4,1,2,1,1,3,2,1,1,3,4
4076812,2,4,4,3,3,3,1,3,3,3,2,1,3,3,1,1,1,1,1,1
4125124,4,3,4,5,5,2,3,4,4,5,1,1,1,1,1,1,1,1,1,1
4080400,4,4,2,4,3,3,3,2,4,4,2,2,1,3,3,4,2,2,4,1
4045969,4,3,4,2,2,2,2,3,1,2,3,3,1,2,3,4,1,1,3,3
2695546,3,3,3,1,2,2,1,2,2,2,4,4,3,4,1,1,4,3,4,2
4181326,3,4,1,3,3,3,3,3,4,4,1,1,1,1,1,1,1,1,1,1
3984898,4,4,4,3,4,4,3,4,3,3,2,2,1,2,1,2,1,1,4,2
4058575,3,4,3,4,4,3,4,5,4,4,1,1,1,1,2,1,1,4,4,1
4108717,4,4,3,3,4,3,3,4,3,4,2,1,1,1,1,1,2,2,3,3
4034251,2,3,3,2,3,2,3,4,3,4,2,1,2,3,2,1,2,1,4,2
3097618,3,3,3,3,3,3,3,3,3,3,1,2,3,1,3,1,1,3,1,1
3906238,3,4,4,3,3,4,2,4,3,3,1,2,1,1,1,1,1,2,2,2
4146412,3,4,3,3,3,2,2,4,3,2,4,5,2,3,4,5,1,3,5,3
2675077,4,4,2,3,3,3,2,3,2,2,2,1,1,3,1,1,1,3,1,1
